Map,Team ,Round,Side,Time to engagement,Time at Plant,Site,Plant XvY,Result,Pistol,Date,Tier,Unnamed: 12,Unnamed: 13,Unnamed: 14,Unnamed: 15,Unnamed: 16,Unnamed: 17,Unnamed: 18,Unnamed: 19,Unnamed: 20,Unnamed: 21,Unnamed: 22,Unnamed: 23,Unnamed: 24,Unnamed: 25
Lotus,ONSIDE GAMING,1,Attack,01:24,,,,Loss,Loss,2026-06-03,,,,,,,,,,,,,,,
Lotus,ONSIDE GAMING,2,Attack,01:21,,,,Loss,,2026-06-03,,,,,,,,,,,,,,,
Lotus,ONSIDE GAMING,3,Attack,01:20,01:12,C,4v3,Win,,2026-06-03,,,,,,,,,,,,,,,
Lotus,ONSIDE GAMING,4,Attack,01:27,,,,Loss,,2026-06-03,,,,,,,,,,,,,,,
Lotus,ONSIDE GAMING,5,Attack,01:22,,,,Loss,,2026-06-03,,,,,,,,,,,,,,,
Lotus,ONSIDE GAMING,6,Attack,01:30,,,,Loss,,2026-06-03,,,,,,,,,,,,,,,
Lotus,ONSIDE GAMING,7,Attack,01:03,,,,Loss,,2026-06-03,,,,,,,,,,,,,,,
Lotus,ONSIDE GAMING,8,Attack,01:35,,,,Win,,2026-06-03,,,,,,,,,,,,,,,
Lotus,ONSIDE GAMING,9,Attack,01:34,,,,Win,,2026-06-03,,,,,,,,,,,,,,,
Lotus,ONSIDE GAMING,10,Attack,01:32,,,,Loss,,2026-06-03,,,,,,,,,,,,,,,
Lotus,ONSIDE GAMING,11,Attack,01:20,00:52,C,2v1,Win,,2026-06-03,,,,,,,,,,,,,,,
Lotus,ONSIDE GAMING,12,Attack,01:20,,,,Win,,2026-06-03,,,,,,,,,,,,,,,
Lotus,ONSIDE GAMING,13,Defence,01:16,,,,Win,Win,2026-06-03,,,,,,,,,,,,,,,
Lotus,ONSIDE GAMING,14,Defence,01:06,,,,Win,,2026-06-03,,,,,,,,,,,,,,,
Lotus,ONSIDE GAMING,15,Defence,01:16,01:06,C,4v5,Loss,,2026-06-03,,,,,,,,,,,,,,,
Lotus,ONSIDE GAMING,16,Defence,01:10,01:06,C,4v6,Loss,,2026-06-03,,,,,,,,,,,,,,,
Lotus,ONSIDE GAMING,17,Defence,01:26,01:22,B,4v4,Loss,,2026-06-03,,,,,,,,,,,,,,,
Lotus,ONSIDE GAMING,18,Defence,01:27,,,,Win,,2026-06-03,,,,,,,,,,,,,,,
Lotus,ONSIDE GAMING,19,Defence,01:24,,,,Win,,2026-06-03,,,,,,,,,,,,,,,
Lotus,ONSIDE GAMING,20,Defence,01:35,,,,Win,,2026-06-03,,,,,,,,,,,,,,,
Lotus,ONSIDE GAMING,21,Defence,01:18,00:59,C,3v3,Win,,2026-06-03,,,,,,,,,,,,,,,
Lotus,ONSIDE GAMING,22,Defence,00:59,00:45,A,4v5,Loss,,2026-06-03,,,,,,,,,,,,,,,
Lotus,ONSIDE GAMING,23,Defence,01:17,00:51,C,3v4,Loss,,2026-06-03,,,,,,,,,,,,,,,
Lotus,ONSIDE GAMING,24,Defence,01:32,01:11,A,1v4,Loss,,2026-06-03,,,,,,,,,,,,,,,
Haven,QT Dig,1,Attack,01:34,01:19,C,5v4,Win,Win,2026-06-03,,,,,,,,,,,,,,,
Haven,QT Dig,2,Attack,00:54,00:24,C,3v1,Win,,2026-06-03,,,,,,,,,,,,,,,
Haven,QT Dig,3,Attack,01:21,,,,Loss,,2026-06-03,,,,,,,,,,,,,,,
Haven,QT Dig,4,Attack,01:04,00:31,A,3v2,Loss,,2026-06-03,,,,,,,,,,,,,,,
Haven,QT Dig,5,Attack,01:32,,,,Loss,,2026-06-03,,,,,,,,,,,,,,,
Haven,QT Dig,6,Attack,01:34,00:52,A,2v2,Loss,,2026-06-03,,,,,,,,,,,,,,,
Haven,QT Dig,7,Attack,00:59,,,,Loss,,2026-06-03,,,,,,,,,,,,,,,
Haven,QT Dig,8,Attack,01:17,,,,Loss,,2026-06-03,,,,,,,,,,,,,,,
Haven,QT Dig,9,Attack,01:34,,,,Loss,,2026-06-03,,,,,,,,,,,,,,,
Haven,QT Dig,10,Attack,00:53,,,,Loss,,2026-06-03,,,,,,,,,,,,,,,
Haven,QT Dig,11,Attack,01:18,,,,Loss,,2026-06-03,,,,,,,,,,,,,,,
Haven,QT Dig,12,Attack,01:34,01:10,C,4v4,Loss,,2026-06-03,,,,,,,,,,,,,,,
Haven,QT Dig,13,Defence,01:26,,,,Win,Win,2026-06-03,,,,,,,,,,,,,,,
Haven,QT Dig,14,Defence,01:31,00:59,C,4v4,Loss,,2026-06-03,,,,,,,,,,,,,,,
Haven,QT Dig,15,Defence,01:34,01:23,C,4v5,Loss,,2026-06-03,,,,,,,,,,,,,,,
Haven,QT Dig,16,Defence,01:28,01:20,C,4v4,Loss,,2026-06-03,,,,,,,,,,,,,,,
Haven,QT Dig,17,Defence,01:32,01:32,A,5v5,Loss,,2026-06-03,,,,,,,,,,,,,,,
Haven,QT Dig,18,Defence,01:34,,,,Loss,,2026-06-03,,,,,,,,,,,,,,,
Haven,QT Dig,19,Defence,01:34,00:45,A,3v2,Win,,2026-06-03,,,,,,,,,,,,,,,
Haven,QT Dig,20,Defence,01:31,,,,Win,,2026-06-03,,,,,,,,,,,,,,,
Haven,QT Dig,21,Defence,01:34,01:08,C,3v1,Win,,2026-06-03,,,,,,,,,,,,,,,
Haven,QT Dig,22,Defence,01:26,,,,Win,,2026-06-03,,,,,,,,,,,,,,,
Haven,QT Dig,23,Defence,01:02,,,,Win,,2026-06-03,,,,,,,,,,,,,,,
Haven,QT Dig,24,Defence,00:57,00:44,C,3v4,Win,,2026-06-03,,,,,,,,,,,,,,,
Pearl,FPX,1,Defence,01:09,01:09,B,5v5,Loss,Loss,2026-06-03,,,,,,,,,,,,,,,
Pearl,FPX,2,Defence,00:44,00:35,B,5v4,Win,,2026-06-03,,,,,,,,,,,,,,,
Pearl,FPX,3,Defence,01:27,,,,Win,,2026-06-03,,,,,,,,,,,,,,,
Pearl,FPX,4,Defence,01:23,01:15,B,3v4,Loss,,2026-06-03,,,,,,,,,,,,,,,
Pearl,FPX,5,Defence,00:39,00:30,A,1v4,Loss,,2026-06-03,,,,,,,,,,,,,,,
Pearl,FPX,6,Defence,01:22,01:09,B,5v4,Win,,2026-06-03,,,,,,,,,,,,,,,
Pearl,FPX,7,Defence,01:32,00:47,A,4v4,Loss,,2026-06-03,,,,,,,,,,,,,,,
Pearl,FPX,8,Defence,01:16,00:45,A,4v5,Loss,,2026-06-03,,,,,,,,,,,,,,,
Pearl,FPX,9,Defence,01:13,,,,Win,,2026-06-03,,,,,,,,,,,,,,,
Pearl,FPX,10,Defence,00:39,,,,Win,,2026-06-03,,,,,,,,,,,,,,,
Pearl,FPX,11,Defence,01:04,00:43,B,3v2,Loss,,2026-06-03,,,,,,,,,,,,,,,
Pearl,FPX,12,Defence,01:30,,,,Win,,2026-06-03,,,,,,,,,,,,,,,
Pearl,FPX,13,Attack,00:34,,,,Win,Win,2026-06-03,,,,,,,,,,,,,,,
Pearl,FPX,14,Attack,01:05,,,,Win,,2026-06-03,,,,,,,,,,,,,,,
Pearl,FPX,15,Attack,01:11,01:05,A,4v4,Win,,2026-06-03,,,,,,,,,,,,,,,
Pearl,FPX,16,Attack,01:33,01:18,A,4v1,Win,,2026-06-03,,,,,,,,,,,,,,,
Pearl,FPX,17,Attack,01:10,00:45,A,3v2,Win,,2026-06-03,,,,,,,,,,,,,,,
Pearl,FPX,18,Attack,00:59,00:31,B,3v3,Win,,2026-06-03,,,,,,,,,,,,,,,
Pearl,FPX,19,Attack,01:16,,,,Loss,,2026-06-03,,,,,,,,,,,,,,,
Pearl,FPX,20,Attack,01:27,01:15,A,2v1,Win,,2026-06-03,,,,,,,,,,,,,,,
Pearl,FPX,21,Attack,01:20,01:13,B,3v1,Win,,2026-06-03,,,,,,,,,,,,,,,
Pearl,FPX,22,Attack,00:51,,,,Loss,,2026-06-03,,,,,,,,,,,,,,,
Pearl,FPX,23,Attack,01:10,00:02,B,3v1,Win,,2026-06-03,,,,,,,,,,,,,,,
Pearl,FPX,24,Attack,01:04,00:30,A,3v2,Loss,,2026-06-03,,,,,,,,,,,,,,,
Ascent,FANCY,1,Attack,01:24,,,,Win,Win,2026-06-03,,,,,,,,,,,,,,,
Ascent,FANCY,2,Attack,01:24,00:46,A,2v1,Win,,2026-06-03,,,,,,,,,,,,,,,
Ascent,FANCY,3,Attack,01:28,,,,Loss,,2026-06-03,,,,,,,,,,,,,,,
Ascent,FANCY,4,Attack,00:57,00:41,A,3v3,Win,,2026-06-03,,,,,,,,,,,,,,,
Ascent,FANCY,5,Attack,01:17,,,,Loss,,2026-06-03,,,,,,,,,,,,,,,
Ascent,FANCY,6,Attack,01:34,,,,Loss,,2026-06-03,,,,,,,,,,,,,,,
Ascent,FANCY,7,Attack,01:33,01:09,A,2v1,Win,,2026-06-03,,,,,,,,,,,,,,,
Ascent,FANCY,8,Attack,01:27,,,,Loss,,2026-06-03,,,,,,,,,,,,,,,
Ascent,FANCY,9,Attack,01:28,01:13,A,4v5,Loss,,2026-06-03,,,,,,,,,,,,,,,
Ascent,FANCY,10,Attack,00:38,,,,Win,,2026-06-03,,,,,,,,,,,,,,,
Ascent,FANCY,11,Attack,01:18,01:14,A,5v2,Win,,2026-06-03,,,,,,,,,,,,,,,
Ascent,FANCY,12,Attack,00:59,00:49,A,5v4,Win,,2026-06-03,,,,,,,,,,,,,,,
Ascent,FANCY,13,Defence,01:21,,,,Win,Win,2026-06-03,,,,,,,,,,,,,,,
Ascent,FANCY,14,Defence,01:25,00:40,A,1v2,Loss,,2026-06-03,,,,,,,,,,,,,,,
Ascent,FANCY,15,Defence,01:05,,,,Win,,2026-06-03,,,,,,,,,,,,,,,
Ascent,FANCY,16,Defence,00:17,,,,Win,,2026-06-03,,,,,,,,,,,,,,,
Ascent,FANCY,17,Defence,01:07,00:55,B,2v5,Loss,,2026-06-03,,,,,,,,,,,,,,,
Ascent,FANCY,18,Defence,00:41,,,,Win,,2026-06-03,,,,,,,,,,,,,,,
Ascent,FANCY,19,Defence,01:31,01:14,A,3v5,Loss,,2026-06-03,,,,,,,,,,,,,,,
Ascent,FANCY,20,Defence,01:24,,,,Win,,2026-06-03,,,,,,,,,,,,,,,
Ascent,FANCY,21,Defence,01:27,,,,Loss,,2026-06-03,,,,,,,,,,,,,,,
Ascent,FANCY,22,Defence,01:25,00:59,B,3v2,Loss,,2026-06-03,,,,,,,,,,,,,,,
Ascent,FANCY,23,Defence,01:06,01:06,A,5v5,Win,,2026-06-03,,,,,,,,,,,,,,,
Ascent,FANCY,24,Defence,01:18,00:22,A,2v4,Loss,,2026-06-03,,,,,,,,,,,,,,,
Lotus,TRINITY,1,Attack,00:48,0.31,A,1v2,Loss,Loss,2026-06-03,,,,,,,,,,,,,,,
Lotus,TRINITY,2,Attack,01:32,,,,Loss,,2026-06-03,,,,,,,,,,,,,,,
Lotus,TRINITY,3,Attack,01:25,01:10,C,5v3,Win,,2026-06-03,,,,,,,,,,,,,,,
Lotus,TRINITY,4,Attack,00:20,00:05,C,1v5,Loss,,2026-06-03,,,,,,,,,,,,,,,
Lotus,TRINITY,5,Attack,01:27,,,,Loss,,2026-06-03,,,,,,,,,,,,,,,
Lotus,TRINITY,6,Attack,01:25,,,,Loss,,2026-06-03,,,,,,,,,,,,,,,
Lotus,TRINITY,7,Attack,01:06,,,,Loss,,2026-06-03,,,,,,,,,,,,,,,
Lotus,TRINITY,8,Attack,01:10,01:05,C,3v4,Loss,,2026-06-03,,,,,,,,,,,,,,,
Lotus,TRINITY,9,Attack,01:03,,,,Loss,,2026-06-03,,,,,,,,,,,,,,,
Lotus,TRINITY,10,Attack,01:30,01:11,A,3v1,Win,,2026-06-03,,,,,,,,,,,,,,,
Lotus,TRINITY,11,Attack,01:32,01:11,A,4v1,Win,,2026-06-03,,,,,,,,,,,,,,,
Lotus,TRINITY,12,Attack,01:28,01:07,C,3v2,Win,,2026-06-03,,,,,,,,,,,,,,,
Lotus,TRINITY,13,Defence,01:13,,,,Win,,2026-06-03,,,,,,,,,,,,,,,
Lotus,TRINITY,14,Defence,01:16,,,,Win,,2026-06-03,,,,,,,,,,,,,,,
Lotus,TRINITY,15,Defence,01:30,,,,Win,,2026-06-03,,,,,,,,,,,,,,,
Lotus,TRINITY,16,Defence,01:22,,,,Win,,2026-06-03,,,,,,,,,,,,,,,
Lotus,TRINITY,17,Defence,01:31,,,,Win,,2026-06-03,,,,,,,,,,,,,,,
Lotus,TRINITY,18,Defence,01:32,01:20,C,3v4,Win,,2026-06-03,,,,,,,,,,,,,,,
Lotus,TRINITY,19,Defence,01:01,0.29,B,5v4,Win,,2026-06-03,,,,,,,,,,,,,,,
Lotus,TRINITY,20,Defence,01:22,,,,Win,,2026-06-03,,,,,,,,,,,,,,,
Lotus,TRINITY,21,Defence,01:19,01:19,B,5v5,Loss,,2026-06-03,,,,,,,,,,,,,,,
Lotus,TRINITY,22,Defence,01:34,01:01,C,4v3,Win,,2026-06-03,,,,,,,,,,,,,,,
Lotus,TRINITY,23,Defence,01:29,,,,Win,,2026-06-03,,,,,,,,,,,,,,,
Lotus,TRINITY,24,Defence,01:30,01:03,C,1v4,Loss,,2026-06-03,,,,,,,,,,,,,,,
Split,FPX,1,Defence,01:35,,,,Win,Win,2026-06-04,,,,,,,,,,,,,,,
Split,FPX,2,Defence,01:04,,,,Win,,2026-06-04,,,,,,,,,,,,,,,
Split,FPX,3,Defence,01:27,01:18,A,4v4,Loss,,2026-06-04,,,,,,,,,,,,,,,
Split,FPX,4,Defence,01:07,00:40,B,3v3,Loss,,2026-06-04,,,,,,,,,,,,,,,
Split,FPX,5,Defence,01:04,00:51,A,4v4,Loss,,2026-06-04,,,,,,,,,,,,,,,
Split,FPX,6,Defence,01:17,00:29,B,3v5,Loss,,2026-06-04,,,,,,,,,,,,,,,
Split,FPX,7,Defence,01:17,01:17,A,5v5,Loss,,2026-06-04,,,,,,,,,,,,,,,
Split,FPX,8,Defence,01:07,,,,Win,,2026-06-04,,,,,,,,,,,,,,,
Split,FPX,9,Defence,01:15,01:15,B,5v5,Loss,,2026-06-04,,,,,,,,,,,,,,,
Split,FPX,10,Defence,01:26,00:52,A,2v4,Loss,,2026-06-04,,,,,,,,,,,,,,,
Split,FPX,11,Defence,01:34,,,,Loss,,2026-06-04,,,,,,,,,,,,,,,
Split,FPX,12,Defence,01:27,,,,Win,,2026-06-04,,,,,,,,,,,,,,,
Split,FPX,13,Attack,01:29,01:16,B,2v5,Win,Win,2026-06-04,,,,,,,,,,,,,,,
Split,FPX,14,Attack,01:14,00:44,B,5v1,Win,,2026-06-04,,,,,,,,,,,,,,,
Split,FPX,15,Attack,01:25,,,,Loss,,2026-06-04,,,,,,,,,,,,,,,
Split,FPX,16,Attack,00:54,00:44,B,5v2,Win,,2026-06-04,,,,,,,,,,,,,,,
Split,FPX,17,Attack,01:37,00:38,A,2v2,Win,,2026-06-04,,,,,,,,,,,,,,,
Split,FPX,18,Attack,01:05,01:03,A,4v5,Loss,,2026-06-04,,,,,,,,,,,,,,,
Split,FPX,19,Attack,01:06,00:30,A,3v2,Win,,2026-06-04,,,,,,,,,,,,,,,
Split,FPX,20,Attack,01:31,00:25,A,4V3,Win,,2026-06-04,,,,,,,,,,,,,,,
Split,FPX,21,Attack,01:23,,,,Loss,,2026-06-04,,,,,,,,,,,,,,,
Split,FPX,22,Attack,01:24,01:09,B,5v4,Win,,2026-06-04,,,,,,,,,,,,,,,
Split,FPX,23,Attack,01:14,00:28,A,2v2,Loss,,2026-06-04,,,,,,,,,,,,,,,
Split,FPX,24,Attack,00:42,00:31,A,1v3,Loss,,2026-06-04,,,,,,,,,,,,,,,
Fracture,BOOM,1,Attack,01:20,01:14,B,5v4,Win,Win,2026-06-04,,,,,,,,,,,,,,,
Fracture,BOOM,2,Attack,01:24,00:59,B,5v5,Win,,2026-06-04,,,,,,,,,,,,,,,
Fracture,BOOM,3,Attack,01:24,01:01,A,4v1,Win,,2026-06-04,,,,,,,,,,,,,,,
Fracture,BOOM,4,Attack,01:11,,,,Win,,2026-06-04,,,,,,,,,,,,,,,
Fracture,BOOM,5,Attack,01:17,01:05,A,5v4,Win,,2026-06-04,,,,,,,,,,,,,,,
Fracture,BOOM,6,Attack,01:35,,,,Loss,,2026-06-04,,,,,,,,,,,,,,,
Fracture,BOOM,7,Attack,01:05,00:44,B,3v2,Win,,2026-06-04,,,,,,,,,,,,,,,
Fracture,BOOM,8,Attack,01:34,,,,Win,,2026-06-04,,,,,,,,,,,,,,,
Fracture,BOOM,9,Attack,01:31,,,,Loss,,2026-06-04,,,,,,,,,,,,,,,
Fracture,BOOM,10,Attack,00:32,00:07,B,3v4,Loss,,2026-06-04,,,,,,,,,,,,,,,
Fracture,BOOM,11,Attack,01:28,01:16,A,4v4,Win,,2026-06-04,,,,,,,,,,,,,,,
Fracture,BOOM,12,Attack,01:33,,,,Loss,,2026-06-04,,,,,,,,,,,,,,,
Fracture,BOOM,13,Defence,01:29,01:18,B,1v3,Loss,Loss,2026-06-04,,,,,,,,,,,,,,,
Fracture,BOOM,14,Defence,01:33,,,,Loss,,2026-06-04,,,,,,,,,,,,,,,
Fracture,BOOM,15,Defence,00:40,,,,Win,,2026-06-04,,,,,,,,,,,,,,,
Fracture,BOOM,16,Defence,01:30,,,,Win,,2026-06-04,,,,,,,,,,,,,,,
Fracture,BOOM,17,Defence,01:17,,,,Win,,2026-06-04,,,,,,,,,,,,,,,
Fracture,BOOM,18,Defence,01:07,00:51,B,2v4,Loss,,2026-06-04,,,,,,,,,,,,,,,
Fracture,BOOM,19,Defence,01:21,,,,Win,,2026-06-04,,,,,,,,,,,,,,,
Fracture,BOOM,20,Defence,01:18,01:07,A,2v4,Loss,,2026-06-04,,,,,,,,,,,,,,,
Fracture,BOOM,21,Defence,01:19,00:30,A,3v2,Win,,2026-06-04,,,,,,,,,,,,,,,
Fracture,BOOM,22,Defence,01:36,01:19,B,2v3,Win,,2026-06-04,,,,,,,,,,,,,,,
Fracture,BOOM,23,Defence,01:33,01:15,B,2v4,Loss,,2026-06-04,,,,,,,,,,,,,,,
Fracture,BOOM,24,Defence,01:31,,,,Loss,,2026-06-04,,,,,,,,,,,,,,,
Haven,REAUTH,1,Defence,00:29,00:29,C,5v5,Loss,Loss,2026-06-04,,,,,,,,,,,,,,,
Haven,REAUTH,2,Defence,01:09,01:09,C,5v5,Loss,,2026-06-04,,,,,,,,,,,,,,,
Haven,REAUTH,3,Defence,01:29,,,,Win,,2026-06-04,,,,,,,,,,,,,,,
Haven,REAUTH,4,Defence,01:27,01:19,A,5v4,Win,,2026-06-04,,,,,,,,,,,,,,,
Haven,REAUTH,5,Defence,01:26,01:26,B,5v5,Win,,2026-06-04,,,,,,,,,,,,,,,
Haven,REAUTH,6,Defence,01:30,01:03,A,1v3,Loss,,2026-06-04,,,,,,,,,,,,,,,
Haven,REAUTH,7,Defence,01:16,01:12,C,4v5,Loss,,2026-06-04,,,,,,,,,,,,,,,
Haven,REAUTH,8,Defence,00:57,00:45,C,2v4,Loss,,2026-06-04,,,,,,,,,,,,,,,
Haven,REAUTH,9,Defence,01:11,01:11,C,5v5,Loss,,2026-06-04,,,,,,,,,,,,,,,
Haven,REAUTH,10,Defence,00:18,00:17,C,4v5,Loss,,2026-06-04,,,,,,,,,,,,,,,
Haven,REAUTH,11,Defence,01:15,00:58,C,3v4,Loss,,2026-06-04,,,,,,,,,,,,,,,
Haven,REAUTH,12,Defence,01:24,,,,Loss,,2026-06-04,,,,,,,,,,,,,,,
Haven,REAUTH,13,Attack,01:21,01:21,B,5v5,Win,Win,2026-06-04,,,,,,,,,,,,,,,
Haven,REAUTH,14,Attack,01:28,00:22,C,4v3,Win,,2026-06-04,,,,,,,,,,,,,,,
Haven,REAUTH,15,Attack,00:46,00:41,B,4v4,Loss,,2026-06-04,,,,,,,,,,,,,,,
Haven,REAUTH,16,Attack,00:46,,,,Loss,,2026-06-04,,,,,,,,,,,,,,,
Haven,REAUTH,17,Attack,01:30,,,,Loss,,2026-06-04,,,,,,,,,,,,,,,
Haven,REAUTH,18,Attack,01:26,01:00,A,4v3,Win,,2026-06-04,,,,,,,,,,,,,,,
Haven,REAUTH,19,Attack,01:34,,,,Loss,,2026-06-04,,,,,,,,,,,,,,,
Haven,REAUTH,20,Attack,01:26,00:45,A,3v4,Loss,,2026-06-04,,,,,,,,,,,,,,,
Haven,REAUTH,21,Attack,01:06,01:04,A,5v4,Win,,2026-06-04,,,,,,,,,,,,,,,
Haven,REAUTH,22,Attack,00:55,00:22,C,2v1,Loss,,2026-06-04,,,,,,,,,,,,,,,
Haven,REAUTH,23,Attack,01:28,01:14,C,3v2,Win,,2026-06-04,,,,,,,,,,,,,,,
Haven,REAUTH,24,Attack,01:28,01:14,B,5v4,Win,,2026-06-04,,,,,,,,,,,,,,,
Lotus,ODG,1,Defence,01:27,01:16,B,3v2,Win,Win,2026-06-04,,,,,,,,,,,,,,,
Lotus,ODG,2,Defence,01:17,,,,Win,,2026-06-04,,,,,,,,,,,,,,,
Lotus,ODG,3,Defence,00:55,00:09,C,2v1,Win,,2026-06-04,,,,,,,,,,,,,,,
Lotus,ODG,4,Defence,01:14,00:52,A,4v3,Win,,2026-06-04,,,,,,,,,,,,,,,
Lotus,ODG,5,Defence,01:24,00:44,C,2v5,Loss,,2026-06-04,,,,,,,,,,,,,,,
Lotus,ODG,6,Defence,01:34,01:15,A,1v4,Loss,,2026-06-04,,,,,,,,,,,,,,,
Lotus,ODG,7,Defence,01:27,,,,Win,,2026-06-04,,,,,,,,,,,,,,,
Lotus,ODG,8,Defence,01:35,01:12,B,2v3,Loss,,2026-06-04,,,,,,,,,,,,,,,
Lotus,ODG,9,Defence,01:13,01:12,C,4v5,Loss,,2026-06-04,,,,,,,,,,,,,,,
Lotus,ODG,10,Defence,01:34,,,,Win,,2026-06-04,,,,,,,,,,,,,,,
Lotus,ODG,11,Defence,01:20,01:00,A,1v4,Loss,,2026-06-04,,,,,,,,,,,,,,,
Lotus,ODG,12,Defence,01:27,01:17,C,4v4,Win,,2026-06-04,,,,,,,,,,,,,,,
Lotus,ODG,13,Attack,01:12,00:32,C,2v1,Win,Win,2026-06-04,,,,,,,,,,,,,,,
Lotus,ODG,14,Attack,00:56,00:40,A,5v4,Win,,2026-06-04,,,,,,,,,,,,,,,
Lotus,ODG,15,Attack,01:18,00:29,B,2v3,Loss,,2026-06-04,,,,,,,,,,,,,,,
Lotus,ODG,16,Attack,01:05,00:29,C,4v1,Win,,2026-06-04,,,,,,,,,,,,,,,
Lotus,ODG,17,Attack,00:46,00:29,A,4v3,Win,,2026-06-04,,,,,,,,,,,,,,,
Lotus,ODG,18,Attack,01:15,,,,Win,,2026-06-04,,,,,,,,,,,,,,,
Lotus,ODG,19,Attack,00:45,00:28,B,3v2,Win,,2026-06-04,,,,,,,,,,,,,,,
Lotus,ODG,20,Attack,01:32,01:00,A,4v1,Win,,2026-06-04,,,,,,,,,,,,,,,
Lotus,ODG,21,Attack,01:28,01:12,A,3v2,Win,,2026-06-04,,,,,,,,,,,,,,,
Lotus,ODG,22,Attack,01:18,01:01,A,4v1,Win,,2026-06-04,,,,,,,,,,,,,,,
Lotus,ODG,23,Attack,01:11,01:03,C,4v5,Win,,2026-06-04,,,,,,,,,,,,,,,
Lotus,ODG,24,Attack,00:26,00:21,A,5v4,Win,,2026-06-04,,,,,,,,,,,,,,,
Pearl,BOOM,1,Defence,01:08,01:08,A,5v5,Loss,Loss,2026-06-04,,,,,,,,,,,,,,,
Pearl,BOOM,2,Defence,01:32,,,,Win,,2026-06-04,,,,,,,,,,,,,,,
Pearl,BOOM,3,Defence,00:54,00:48,B,3v4,Loss,,2026-06-04,,,,,,,,,,,,,,,
Pearl,BOOM,4,Defence,00:41,,,,Loss,,2026-06-04,,,,,,,,,,,,,,,
Pearl,BOOM,5,Defence,01:19,,,,Win,,2026-06-04,,,,,,,,,,,,,,,
Pearl,BOOM,6,Defence,01:21,00:41,A,2v1,Win,,2026-06-04,,,,,,,,,,,,,,,
Pearl,BOOM,7,Defence,01:04,,,,Win,,2026-06-04,,,,,,,,,,,,,,,
Pearl,BOOM,8,Defence,01:30,,,,Win,,2026-06-04,,,,,,,,,,,,,,,
Pearl,BOOM,9,Defence,01:30,,,,Win,,2026-06-04,,,,,,,,,,,,,,,
Pearl,BOOM,10,Defence,01:31,,,,Loss,,2026-06-04,,,,,,,,,,,,,,,
Pearl,BOOM,11,Defence,01:01,01:01,A,5v5,Loss,,2026-06-04,,,,,,,,,,,,,,,
Pearl,BOOM,12,Defence,01:31,01:03,B,1v2,Loss,,2026-06-04,,,,,,,,,,,,,,,
Pearl,BOOM,13,Attack,01:12,00:15,C,2v1,Win,Win,2026-06-04,,,,,,,,,,,,,,,
Pearl,BOOM,14,Attack,01:29,01:09,B,4v1,Win,,2026-06-04,,,,,,,,,,,,,,,
Pearl,BOOM,15,Attack,01:24,01:06,B,5v3,Win,,2026-06-04,,,,,,,,,,,,,,,
Pearl,BOOM,16,Attack,00:31,00:22,A,4v3,Win,,2026-06-04,,,,,,,,,,,,,,,
Pearl,BOOM,17,Attack,01:22,,,,Loss,,2026-06-04,,,,,,,,,,,,,,,
Pearl,BOOM,18,Attack,01:27,00:24,A,2v1,Win,,2026-06-04,,,,,,,,,,,,,,,
Pearl,BOOM,19,Attack,01:08,,,,Loss,,2026-06-04,,,,,,,,,,,,,,,
Pearl,BOOM,20,Attack,01:31,01:26,A,4v5,Win,,2026-06-04,,,,,,,,,,,,,,,
Pearl,BOOM,21,Attack,01:26,00:21,A,2v1,Loss,,2026-06-04,,,,,,,,,,,,,,,
Pearl,BOOM,22,Attack,01:23,00:48,B,5v2,Win,,2026-06-04,,,,,,,,,,,,,,,
Pearl,BOOM,23,Attack,01:02,00:50,A,4v3,Win,,2026-06-04,,,,,,,,,,,,,,,
Pearl,BOOM,24,Attack,01:12,,,,Loss,,2026-06-04,,,,,,,,,,,,,,,
Breeze,VARREL,1,Defence,01:11,00:39,B,1v4,Loss,Loss,2026-06-12,,,,,,,,,,,,,,,
Breeze,VARREL,2,Defence,01:04,01:04,B,5v5,Loss,,2026-06-12,,,,,,,,,,,,,,,
Breeze,VARREL,3,Defence,01:21,01:08,A,1v3,Loss,,2026-06-12,,,,,,,,,,,,,,,
Breeze,VARREL,4,Defence,01:31,00:55,B,2v2,Win,,2026-06-12,,,,,,,,,,,,,,,
Breeze,VARREL,5,Defence,01:17,,,,Loss,,2026-06-12,,,,,,,,,,,,,,,
Breeze,VARREL,6,Defence,01:14,01:14,B,5v5,Loss,,2026-06-12,,,,,,,,,,,,,,,
Breeze,VARREL,7,Defence,01:25,,,,Win,,2026-06-12,,,,,,,,,,,,,,,
Breeze,VARREL,8,Defence,01:31,,,,Win,,2026-06-12,,,,,,,,,,,,,,,
Breeze,VARREL,9,Defence,01:31,00:56,A,3v4,Win,,2026-06-12,,,,,,,,,,,,,,,
Breeze,VARREL,10,Defence,01:34,00:39,A,1v2,Loss,,2026-06-12,,,,,,,,,,,,,,,
Breeze,VARREL,11,Defence,01:23,01:13,A,3v3,Loss,,2026-06-12,,,,,,,,,,,,,,,
Breeze,VARREL,12,Defence,01:27,,,,Win,,2026-06-12,,,,,,,,,,,,,,,
Breeze,VARREL,13,Attack,01:31,,,,Loss,Loss,2026-06-12,,,,,,,,,,,,,,,
Breeze,VARREL,14,Attack,01:25,,,,Loss,,2026-06-12,,,,,,,,,,,,,,,
Breeze,VARREL,15,Attack,01:25,01:17,A,5v2,Win,,2026-06-12,,,,,,,,,,,,,,,
Breeze,VARREL,16,Attack,01:30,01:14,A,5v2,Win,,2026-06-12,,,,,,,,,,,,,,,
Breeze,VARREL,17,Attack,01:13,00:44,B,2v1,Win,,2026-06-12,,,,,,,,,,,,,,,
Breeze,VARREL,18,Attack,01:13,00:34,A,3v3,Win,,2026-06-12,,,,,,,,,,,,,,,
Breeze,VARREL,19,Attack,01:08,00:48,B,4v1,Win,,2026-06-12,,,,,,,,,,,,,,,
Breeze,VARREL,20,Attack,00:44,00:34,A,4v4,Win,,2026-06-12,,,,,,,,,,,,,,,
Breeze,VARREL,21,Attack,01:28,01:28,B,5v5,Win,,2026-06-12,,,,,,,,,,,,,,,
Breeze,VARREL,22,Attack,01:27,,,,Loss,,2026-06-12,,,,,,,,,,,,,,,
Breeze,VARREL,23,Attack,01:22,,,,Loss,,2026-06-12,,,,,,,,,,,,,,,
Breeze,VARREL,24,Attack,01:29,00:45,B,3v2,Win,,2026-06-12,,,,,,,,,,,,,,,
Lotus,RA,1,Attack,01:24,00:37,A,4v2,Win,Win,2026-06-12,,,,,,,,,,,,,,,
Lotus,RA,2,Attack,01:27,00:58,C,5v4,Win,,2026-06-12,,,,,,,,,,,,,,,
Lotus,RA,3,Attack,01:30,00:28,C,1v1,Win,,2026-06-12,,,,,,,,,,,,,,,
Lotus,RA,4,Attack,01:13,00:58,B,4v4,Win,,2026-06-12,,,,,,,,,,,,,,,
Lotus,RA,5,Attack,01:23,01:10,C,3v2,Win,,2026-06-12,,,,,,,,,,,,,,,
Lotus,RA,6,Attack,01:31,00:40,A,2v3,Loss,,2026-06-12,,,,,,,,,,,,,,,
Lotus,RA,7,Attack,01:29,01:20,A,5v2,Win,,2026-06-12,,,,,,,,,,,,,,,
Lotus,RA,8,Attack,01:12,,,,Win,,2026-06-12,,,,,,,,,,,,,,,
Lotus,RA,9,Attack,01:24,00:32,A,1v1,Win,,2026-06-12,,,,,,,,,,,,,,,
Lotus,RA,10,Attack,01:26,00:54,A,2v1,Win,,2026-06-12,,,,,,,,,,,,,,,
Lotus,RA,11,Attack,01:25,01:21,B,5v3,Loss,,2026-06-12,,,,,,,,,,,,,,,
Lotus,RA,12,Attack,01:26,,,,Win,,2026-06-12,,,,,,,,,,,,,,,
Lotus,RA,13,Defence,01:27,01:16,B,3v4,Loss,Loss,2026-06-12,,,,,,,,,,,,,,,
Lotus,RA,14,Defence,01:36,00:56,C,1v4,Win,,2026-06-12,,,,,,,,,,,,,,,
Lotus,RA,15,Defence,00:38,,,,Loss,,2026-06-12,,,,,,,,,,,,,,,
Lotus,RA,16,Defence,01:32,01:09,A,1v2,Loss,,2026-06-12,,,,,,,,,,,,,,,
Lotus,RA,17,Defence,01:09,,,,Win,,2026-06-12,,,,,,,,,,,,,,,
Lotus,RA,18,Defence,01:10,,,,Win,,2026-06-12,,,,,,,,,,,,,,,
Lotus,RA,19,Defence,01:32,01:26,B,3v3,Loss,,2026-06-12,,,,,,,,,,,,,,,
Lotus,RA,20,Defence,01:33,00:58,B,1v2,Loss,,2026-06-12,,,,,,,,,,,,,,,
Lotus,RA,21,Defence,01:20,,,,Win,,2026-06-12,,,,,,,,,,,,,,,
Lotus,RA,22,Defence,01:34,,,,Win,,2026-06-12,,,,,,,,,,,,,,,
Lotus,RA,23,Defence,01:27,01:22,C,2v2,Win,,2026-06-12,,,,,,,,,,,,,,,
Lotus,RA,24,Defence,01:07,01:01,A,4v2,Win,,2026-06-12,,,,,,,,,,,,,,,
Split,FANCY,1,Attack,00:42,,,,Loss,Loss,2026-06-12,,,,,,,,,,,,,,,
Split,FANCY,2,Attack,01:18,01:18,B,5v5,Loss,,2026-06-12,,,,,,,,,,,,,,,
Split,FANCY,3,Attack,01:11,00:48,A,4v1,Win,,2026-06-12,,,,,,,,,,,,,,,
Split,FANCY,4,Attack,01:04,00:52,B,4v2,Win,,2026-06-12,,,,,,,,,,,,,,,
Split,FANCY,5,Attack,01:27,01:17,A,4v2,Win,,2026-06-12,,,,,,,,,,,,,,,
Split,FANCY,6,Attack,00:58,00:58,B,5v5,Win,,2026-06-12,,,,,,,,,,,,,,,
Split,FANCY,7,Attack,01:33,01:05,B,3v2,Win,,2026-06-12,,,,,,,,,,,,,,,
Split,FANCY,8,Attack,01:22,00:59,B,3v1,Win,,2026-06-12,,,,,,,,,,,,,,,
Split,FANCY,9,Attack,01:18,01:12,B,3v1,Win,,2026-06-12,,,,,,,,,,,,,,,
Split,FANCY,10,Attack,01:08,00:58,A,5v2,Win,,2026-06-12,,,,,,,,,,,,,,,
Split,FANCY,11,Attack,01:18,00:48,A,3v1,Win,,2026-06-12,,,,,,,,,,,,,,,
Split,FANCY,12,Attack,01:25,01:08,B,2v1,Win,,2026-06-12,,,,,,,,,,,,,,,
Split,FANCY,13,Defence,01:19,00:35,A,1v1,Loss,Loss,2026-06-12,,,,,,,,,,,,,,,
Split,FANCY,14,Defence,01:31,00:38,B,4v3,Win,,2026-06-12,,,,,,,,,,,,,,,
Split,FANCY,15,Defence,01:19,,,,Win,,2026-06-12,,,,,,,,,,,,,,,
Split,FANCY,16,Defence,01:25,,,,Win,,2026-06-12,,,,,,,,,,,,,,,
Split,FANCY,17,Defence,01:27,01:12,A,2v4,Loss,,2026-06-12,,,,,,,,,,,,,,,
Split,FANCY,18,Defence,01:20,00:14,A,4v2,Win,,2026-06-12,,,,,,,,,,,,,,,
Split,FANCY,19,Defence,01:23,01:10,B,2v3,Win,,2026-06-12,,,,,,,,,,,,,,,
Split,FANCY,20,Defence,01:35,,,,Win,,2026-06-12,,,,,,,,,,,,,,,
Split,FANCY,21,Defence,01:27,,,,Win,,2026-06-12,,,,,,,,,,,,,,,
Split,FANCY,22,Defence,00:54,00:44,A,2v5,Loss,,2026-06-12,,,,,,,,,,,,,,,
Split,FANCY,23,Defence,01:32,,,,Win,,2026-06-12,,,,,,,,,,,,,,,
Split,FANCY,24,Defence,01:28,,,,Win,,2026-06-12,,,,,,,,,,,,,,,
Split,T1.A,1,Defence,01:30,01:11,B,2v5,Loss,Loss,2026-06-12,,,,,,,,,,,,,,,
Split,T1.A,2,Defence,01:20,01:08,B,3v4,Loss,,2026-06-12,,,,,,,,,,,,,,,
Split,T1.A,3,Defence,01:29,00:58,A,3v2,Win,,2026-06-12,,,,,,,,,,,,,,,
Split,T1.A,4,Defence,01:32,00:28,B,2v1,Loss,,2026-06-12,,,,,,,,,,,,,,,
Split,T1.A,5,Defence,01:30,00:58,A,3v2,Win,,2026-06-12,,,,,,,,,,,,,,,
Split,T1.A,6,Defence,01:25,01:08,A,3v4,Loss,,2026-06-12,,,,,,,,,,,,,,,
Split,T1.A,7,Defence,01:34,,,,Loss,,2026-06-12,,,,,,,,,,,,,,,
Split,T1.A,8,Defence,01:36,,,,Win,,2026-06-12,,,,,,,,,,,,,,,
Split,T1.A,9,Defence,01:36,01:32,A,4v5,Win,,2026-06-12,,,,,,,,,,,,,,,
Split,T1.A,10,Defence,01:30,,,,Win,,2026-06-12,,,,,,,,,,,,,,,
Split,T1.A,11,Defence,01:28,01:28,A,5v5,Loss,,2026-06-12,,,,,,,,,,,,,,,
Split,T1.A,12,Defence,01:28,01:18,B,3v3,Win,,2026-06-12,,,,,,,,,,,,,,,
Split,T1.A,13,Attack,01:27,01:16,B,4v2,Win,Win,2026-06-12,,,,,,,,,,,,,,,
Split,T1.A,14,Attack,01:22,01:12,A,4v1,Win,,2026-06-12,,,,,,,,,,,,,,,
Split,T1.A,15,Attack,01:28,01:16,A,4v5,Win,,2026-06-12,,,,,,,,,,,,,,,
Split,T1.A,16,Attack,01:22,01:07,A,3v2,Loss,,2026-06-12,,,,,,,,,,,,,,,
Split,T1.A,17,Attack,01:20,01:00,A,2v3,Win,,2026-06-12,,,,,,,,,,,,,,,
Split,T1.A,18,Attack,01:30,00:44,A,1v2,Win,,2026-06-12,,,,,,,,,,,,,,,
Split,T1.A,19,Attack,01:30,01:08,B,4v2,Win,,2026-06-12,,,,,,,,,,,,,,,
Split,T1.A,20,Attack,01:32,,,,Loss,,2026-06-12,,,,,,,,,,,,,,,
Split,T1.A,21,Attack,01:24,01:11,A,5v2,Win,,2026-06-12,,,,,,,,,,,,,,,
Split,T1.A,22,Attack,01:10,,,,Loss,,2026-06-12,,,,,,,,,,,,,,,
Split,T1.A,23,Attack,01:03,00:54,A,3v2,Win,,2026-06-12,,,,,,,,,,,,,,,
Split,T1.A,24,Attack,01:26,,,,Loss,,2026-06-12,,,,,,,,,,,,,,,
Fracture,ONSIDE,1,Attack,01:28,01:10,A,4v2,Win,Win,2026-06-12,,,,,,,,,,,,,,,
Fracture,ONSIDE,2,Attack,01:21,,,,Win,,2026-06-12,,,,,,,,,,,,,,,
Fracture,ONSIDE,3,Attack,01:14,01:02,A,4v1,Win,,2026-06-12,,,,,,,,,,,,,,,
Fracture,ONSIDE,4,Attack,01:13,00:48,A,3v1,Win,,2026-06-12,,,,,,,,,,,,,,,
Fracture,ONSIDE,5,Attack,01:20,,,,Loss,,2026-06-12,,,,,,,,,,,,,,,
Fracture,ONSIDE,6,Attack,01:24,01:13,B,3v3,Loss,,2026-06-12,,,,,,,,,,,,,,,
Fracture,ONSIDE,7,Attack,01:35,01:12,A,4v1,Win,,2026-06-12,,,,,,,,,,,,,,,
Fracture,ONSIDE,8,Attack,01:17,00:39,B,4v3,Win,,2026-06-12,,,,,,,,,,,,,,,
Fracture,ONSIDE,9,Attack,00:55,00:50,A,2v4,Loss,,2026-06-12,,,,,,,,,,,,,,,
Fracture,ONSIDE,10,Attack,01:31,,,,Win,,2026-06-12,,,,,,,,,,,,,,,
Fracture,ONSIDE,11,Attack,01:30,00:04,A,1v3,Loss,,2026-06-12,,,,,,,,,,,,,,,
Fracture,ONSIDE,12,Attack,01:20,01:11,B,1v4,Win,,2026-06-12,,,,,,,,,,,,,,,
Fracture,ONSIDE,13,Defence,01:30,01:21,A,3v2,Loss,Loss,2026-06-12,,,,,,,,,,,,,,,
Fracture,ONSIDE,14,Defence,01:32,,,,Loss,,2026-06-12,,,,,,,,,,,,,,,
Fracture,ONSIDE,15,Defence,01:27,01:16,B,3v5,Loss,,2026-06-12,,,,,,,,,,,,,,,
Fracture,ONSIDE,16,Defence,01:21,,,,Win,,2026-06-12,,,,,,,,,,,,,,,
Fracture,ONSIDE,17,Defence,01:16,01:06,B,3v3,Win,,2026-06-12,,,,,,,,,,,,,,,
Fracture,ONSIDE,18,Defence,01:34,,,,Win,,2026-06-12,,,,,,,,,,,,,,,
Fracture,ONSIDE,19,Defence,01:09,00:56,B,3v2,Win,,2026-06-12,,,,,,,,,,,,,,,
Fracture,ONSIDE,20,Defence,01:25,01:14,B,2v3,Loss,,2026-06-12,,,,,,,,,,,,,,,
Fracture,ONSIDE,21,Defence,01:27,01:15,B,3v3,Win,,2026-06-12,,,,,,,,,,,,,,,
Fracture,ONSIDE,22,Defence,01:33,,,,Win,,2026-06-12,,,,,,,,,,,,,,,
Fracture,ONSIDE,23,Defence,01:33,,,,Win,,2026-06-12,,,,,,,,,,,,,,,
Fracture,ONSIDE,24,Defence,01:26,,,,Win,,2026-06-12,,,,,,,,,,,,,,,
Breeze,RRQ,1,Attack,01:05,00:58,B,4v5,Win,Win,2026-06-15,,,,,,,,,,,,,,,
Breeze,RRQ,2,Attack,00:51,00:37,A,5v2,Win,,2026-06-15,,,,,,,,,,,,,,,
Breeze,RRQ,3,Attack,00:30,,,,Loss,,2026-06-15,,,,,,,,,,,,,,,
Breeze,RRQ,4,Attack,01:30,,,,Loss,,2026-06-15,,,,,,,,,,,,,,,
Breeze,RRQ,5,Attack,01:20,,,,Win,,2026-06-15,,,,,,,,,,,,,,,
Breeze,RRQ,6,Attack,01:18,01:07,B,3v2,Win,,2026-06-15,,,,,,,,,,,,,,,
Breeze,RRQ,7,Attack,01:31,01:07,A,3v3,Loss,,2026-06-15,,,,,,,,,,,,,,,
Breeze,RRQ,8,Attack,01:30,,,,Loss,,2026-06-15,,,,,,,,,,,,,,,
Breeze,RRQ,9,Attack,01:28,,,,Loss,,2026-06-15,,,,,,,,,,,,,,,
Breeze,RRQ,10,Attack,01:30,01:11,A,2v2,Loss,,2026-06-15,,,,,,,,,,,,,,,
Breeze,RRQ,11,Attack,01:35,,,,Loss,,2026-06-15,,,,,,,,,,,,,,,
Breeze,RRQ,12,Attack,01:34,,,,Loss,,2026-06-15,,,,,,,,,,,,,,,
Breeze,RRQ,13,Defence,01:12,01:08,A,4v5,Loss,Loss,2026-06-15,,,,,,,,,,,,,,,
Breeze,RRQ,14,Defence,01:28,01:08,A,1v5,Loss,,2026-06-15,,,,,,,,,,,,,,,
Breeze,RRQ,15,Defence,00:59,00:46,B,3v2,Win,,2026-06-15,,,,,,,,,,,,,,,
Breeze,RRQ,16,Defence,01:29,00:54,A,2v3,Win,,2026-06-15,,,,,,,,,,,,,,,
Breeze,RRQ,17,Defence,01:26,,,,Win,,2026-06-15,,,,,,,,,,,,,,,
Breeze,RRQ,18,Defence,01:29,01:19,B,3v4,Loss,,2026-06-15,,,,,,,,,,,,,,,
Breeze,RRQ,19,Defence,01:30,00:38,B,2v3,Loss,,2026-06-15,,,,,,,,,,,,,,,
Breeze,RRQ,20,Defence,01:32,,,,Win,,2026-06-15,,,,,,,,,,,,,,,
Breeze,RRQ,21,Defence,01:25,01:08,A,2v3,Loss,,2026-06-15,,,,,,,,,,,,,,,
Breeze,RRQ,22,Defence,01:27,01:14,A,1v4,Loss,,2026-06-15,,,,,,,,,,,,,,,
Breeze,RRQ,23,Defence,01:14,01:01,B,2v3,Win,,2026-06-15,,,,,,,,,,,,,,,
Breeze,RRQ,24,Defence,01:24,01:15,B,3v3,Loss,,2026-06-15,,,,,,,,,,,,,,,
Ascent,KGN,1,Defence,01:33,,,,Win,Win,2026-06-15,,,,,,,,,,,,,,,
Ascent,KGN,2,Defence,01:24,00:16,B,2v4,Loss,,2026-06-15,,,,,,,,,,,,,,,
Ascent,KGN,3,Defence,01:20,00:28,B,2v4,Loss,,2026-06-15,,,,,,,,,,,,,,,
Ascent,KGN,4,Defence,01:16,,,,Win,,2026-06-15,,,,,,,,,,,,,,,
Ascent,KGN,5,Defence,01:20,00:58,A,1v2,Loss,,2026-06-15,,,,,,,,,,,,,,,
Ascent,KGN,6,Defence,01:27,,,,Win,,2026-06-15,,,,,,,,,,,,,,,
Ascent,KGN,7,Defence,01:29,01:18,B,2v3,Loss,,2026-06-15,,,,,,,,,,,,,,,
Ascent,KGN,8,Defence,01:15,,,,Win,,2026-06-15,,,,,,,,,,,,,,,
Ascent,KGN,9,Defence,01:14,00:05,B,3v3,Loss,,2026-06-15,,,,,,,,,,,,,,,
Ascent,KGN,10,Defence,01:27,00:24,B,2v4,Loss,,2026-06-15,,,,,,,,,,,,,,,
Ascent,KGN,11,Defence,01:33,01:16,A,2v3,Loss,,2026-06-15,,,,,,,,,,,,,,,
Ascent,KGN,12,Defence,01:23,00:45,A,2v1,Win,,2026-06-15,,,,,,,,,,,,,,,
Ascent,KGN,13,Attack,01:17,01:07,A,4v4,Loss,Loss,2026-06-15,,,,,,,,,,,,,,,
Ascent,KGN,14,Attack,01:26,00:30,A,2v2,Loss,,2026-06-15,,,,,,,,,,,,,,,
Ascent,KGN,15,Attack,01:34,00:56,A,2v2,Loss,,2026-06-15,,,,,,,,,,,,,,,
Ascent,KGN,16,Attack,01:30,,,,Loss,,2026-06-15,,,,,,,,,,,,,,,
Ascent,KGN,17,Attack,01:11,01:11,A,5v5,Win,,2026-06-15,,,,,,,,,,,,,,,
Ascent,KGN,18,Attack,01:22,00:32,A,2v2,Win,,2026-06-15,,,,,,,,,,,,,,,
Ascent,KGN,19,Attack,01:06,01:01,A,5v4,Win,,2026-06-15,,,,,,,,,,,,,,,
Ascent,KGN,20,Attack,01:30,,,,Loss,,2026-06-15,,,,,,,,,,,,,,,
Ascent,KGN,21,Attack,01:25,00:23,A,3v3,Win,,2026-06-15,,,,,,,,,,,,,,,
Ascent,KGN,22,Attack,00:55,00:05,B,1v2,Loss,,2026-06-15,,,,,,,,,,,,,,,
Ascent,KGN,23,Attack,01:31,01:20,B,5v2,Win,,2026-06-15,,,,,,,,,,,,,,,
Ascent,KGN,24,Attack,01:25,,,,Loss,,2026-06-15,,,,,,,,,,,,,,,
Breeze,UR,1,Defence,01:23,,,,Loss,Loss,2026-06-17,,,,,,,,,,,,,,,
Breeze,UR,2,Defence,01:09,01:00,A,3v5,Loss,,2026-06-17,,,,,,,,,,,,,,,
Breeze,UR,3,Defence,01:13,01:01,B,3v3,Win,,2026-06-17,,,,,,,,,,,,,,,
Breeze,UR,4,Defence,01:15,,,,Win,,2026-06-17,,,,,,,,,,,,,,,
Breeze,UR,5,Defence,01:17,,,,Win,,2026-06-17,,,,,,,,,,,,,,,
Breeze,UR,6,Defence,01:14,00:24,B,3v2,Win,,2026-06-17,,,,,,,,,,,,,,,
Breeze,UR,7,Defence,00:31,00:07,B,3v3,Win,,2026-06-17,,,,,,,,,,,,,,,
Breeze,UR,8,Defence,01:19,01:06,B,2v4,Loss,,2026-06-17,,,,,,,,,,,,,,,
Breeze,UR,9,Defence,01:09,00:58,A,3v4,Loss,,2026-06-17,,,,,,,,,,,,,,,
Breeze,UR,10,Defence,01:10,01:01,A,2v2,Win,,2026-06-17,,,,,,,,,,,,,,,
Breeze,UR,11,Defence,00:53,00:53,B,5v4,Loss,,2026-06-17,,,,,,,,,,,,,,,
Breeze,UR,12,Defence,01:10,,,,Loss,,2026-06-17,,,,,,,,,,,,,,,
Breeze,UR,13,Attack,01:27,00:52,A,3v2,Win,Win,2026-06-17,,,,,,,,,,,,,,,
Breeze,UR,14,Attack,01:29,00:59,A,5v2,Win,,2026-06-17,,,,,,,,,,,,,,,
Breeze,UR,15,Attack,01:20,00:17,B,2v4,Loss,,2026-06-17,,,,,,,,,,,,,,,
Breeze,UR,16,Attack,00:37,00:24,A,3v2,Win,,2026-06-17,,,,,,,,,,,,,,,
Breeze,UR,17,Attack,01:12,01:07,B,5v3,Win,,2026-06-17,,,,,,,,,,,,,,,
Breeze,UR,18,Attack,01:27,,,,Loss,,2026-06-17,,,,,,,,,,,,,,,
Breeze,UR,19,Attack,01:30,00:49,B,3v3,Win,,2026-06-17,,,,,,,,,,,,,,,
Breeze,UR,20,Attack,01:21,00:46,A,4v3,Win,,2026-06-17,,,,,,,,,,,,,,,
Breeze,UR,21,Attack,01:19,00:58,B,2v2,Win,,2026-06-17,,,,,,,,,,,,,,,
Breeze,UR,22,Attack,01:37,,,,Loss,,2026-06-17,,,,,,,,,,,,,,,
Breeze,UR,23,Attack,01:17,01:09,A,3v2,Win,,2026-06-17,,,,,,,,,,,,,,,
Breeze,UR,24,Attack,01:24,,A,,Loss,,2026-06-17,,,,,,,,,,,,,,,
Fracture,TRINITY,1,Attack,00:55,00:43,B,5v4,Win,Win,2026-06-17,,,,,,,,,,,,,,,
Fracture,TRINITY,2,Attack,01:26,00:50,B,3v1,Win,,2026-06-17,,,,,,,,,,,,,,,
Fracture,TRINITY,3,Attack,01:23,00:43,B,2v2,Loss,,2026-06-17,,,,,,,,,,,,,,,
Fracture,TRINITY,4,Attack,01:37,,,,Loss,,2026-06-17,,,,,,,,,,,,,,,
Fracture,TRINITY,5,Attack,01:36,01:11,A,3v4,Loss,,2026-06-17,,,,,,,,,,,,,,,
Fracture,TRINITY,6,Attack,01:12,00:33,A,1v1,Win,,2026-06-17,,,,,,,,,,,,,,,
Fracture,TRINITY,7,Attack,01:21,00:59,B,3v2,Win,,2026-06-17,,,,,,,,,,,,,,,
Fracture,TRINITY,8,Attack,01:31,01:14,B,5v4,Win,,2026-06-17,,,,,,,,,,,,,,,
Fracture,TRINITY,9,Attack,01:27,,,,Loss,,2026-06-17,,,,,,,,,,,,,,,
Fracture,TRINITY,10,Attack,01:24,,,,Loss,,2026-06-17,,,,,,,,,,,,,,,
Fracture,TRINITY,11,Attack,01:06,00:49,B,2v1,Win,,2026-06-17,,,,,,,,,,,,,,,
Fracture,TRINITY,12,Attack,01:03,,,,Loss,,2026-06-17,,,,,,,,,,,,,,,
Fracture,TRINITY,13,Defence,01:19,00:54,B,4v3,Win,Win,2026-06-17,,,,,,,,,,,,,,,
Fracture,TRINITY,14,Defence,01:19,00:55,A,3v1,Win,,2026-06-17,,,,,,,,,,,,,,,
Fracture,TRINITY,15,Defence,01:10,00:34,A,1v3,Loss,,2026-06-17,,,,,,,,,,,,,,,
Fracture,TRINITY,16,Defence,01:35,,,,Win,,2026-06-17,,,,,,,,,,,,,,,
Fracture,TRINITY,17,Defence,01:20,,,,Win,,2026-06-17,,,,,,,,,,,,,,,
Fracture,TRINITY,18,Defence,01:18,,,,Win,,2026-06-17,,,,,,,,,,,,,,,
Fracture,TRINITY,19,Defence,01:23,00:51,A,2v3,Loss,,2026-06-17,,,,,,,,,,,,,,,
Fracture,TRINITY,20,Defence,01:10,01:00,A,3v3,Loss,,2026-06-17,,,,,,,,,,,,,,,
Fracture,TRINITY,21,Defence,01:25,00:46,B,1v1,Loss,,2026-06-17,,,,,,,,,,,,,,,
Fracture,TRINITY,22,Defence,01:20,01:12,B,2v2,Loss,,2026-06-17,,,,,,,,,,,,,,,
Fracture,TRINITY,23,Defence,01:29,01:06,A,1v2,Loss,,2026-06-17,,,,,,,,,,,,,,,
Fracture,TRINITY,24,Defence,01:27,,,,Win,,2026-06-17,,,,,,,,,,,,,,,
Split,AL,1,Attack,01:31,01:07,A,4v4,Loss,Loss,2026-06-17,,,,,,,,,,,,,,,
Split,AL,2,Attack,01:28,00:18,B,4v5,Win,,2026-06-17,,,,,,,,,,,,,,,
Split,AL,3,Attack,00:40,00:25,A,3v2,Win,,2026-06-17,,,,,,,,,,,,,,,
Split,AL,4,Attack,00:35,00:20,B,5v2,Win,,2026-06-17,,,,,,,,,,,,,,,
Split,AL,5,Attack,01:30,00:20,B,4v4,Win,,2026-06-17,,,,,,,,,,,,,,,
Split,AL,6,Attack,01:09,00:52,A,3v3,Win,,2026-06-17,,,,,,,,,,,,,,,
Split,AL,7,Attack,01:08,00:51,B,4v5,Loss,,2026-06-17,,,,,,,,,,,,,,,
Split,AL,8,Attack,01:32,00:52,A,2v2,Loss,,2026-06-17,,,,,,,,,,,,,,,
Split,AL,9,Attack,01:32,00:58,A,4v3,Win,,2026-06-17,,,,,,,,,,,,,,,
Split,AL,10,Attack,01:10,00:29,A,4v1,Win,,2026-06-17,,,,,,,,,,,,,,,
Split,AL,11,Attack,01:29,00:54,A,1v1,Loss,,2026-06-17,,,,,,,,,,,,,,,
Split,AL,12,Attack,01:32,01:12,B,4v1,Win,,2026-06-17,,,,,,,,,,,,,,,
Split,AL,13,Defence,01:34,00:32,B,2v3,Win,Win,2026-06-17,,,,,,,,,,,,,,,
Split,AL,14,Defence,01:29,,,,Win,,2026-06-17,,,,,,,,,,,,,,,
Split,AL,15,Defence,01:30,,,,Win,,2026-06-17,,,,,,,,,,,,,,,
Split,AL,16,Defence,01:32,,,,Win,,2026-06-17,,,,,,,,,,,,,,,
Split,AL,17,Defence,01:30,,,,Win,,2026-06-17,,,,,,,,,,,,,,,
Split,AL,18,Defence,01:32,,,,Loss,,2026-06-17,,,,,,,,,,,,,,,
Split,AL,19,Defence,01:34,,,,Loss,,2026-06-17,,,,,,,,,,,,,,,
Split,AL,20,Defence,00:32,00:12,B,1v3,Loss,,2026-06-17,,,,,,,,,,,,,,,
Split,AL,21,Defence,01:33,,,,Loss,,2026-06-17,,,,,,,,,,,,,,,
Split,AL,22,Defence,01:26,00:57,A,2v3,Loss,,2026-06-17,,,,,,,,,,,,,,,
Split,AL,23,Defence,01:32,01:18,A,3v5,Loss,,2026-06-17,,,,,,,,,,,,,,,
Split,AL,24,Defence,01:30,01:14,A,3v3,Loss,,2026-06-17,,,,,,,,,,,,,,,
Ascent,ODG,1,Defence,01:27,00:44,B,2v2,Win,Win,2026-06-17,,,,,,,,,,,,,,,
Ascent,ODG,2,Defence,01:35,,,,Win,,2026-06-17,,,,,,,,,,,,,,,
Ascent,ODG,3,Defence,00:39,00:09,B,1v5,Loss,,2026-06-17,,,,,,,,,,,,,,,
Ascent,ODG,4,Defence,01:15,00:25,A,1v3,Loss,,2026-06-17,,,,,,,,,,,,,,,
Ascent,ODG,5,Defence,01:20,,,,Loss,,2026-06-17,,,,,,,,,,,,,,,
Ascent,ODG,6,Defence,01:29,01:17,B,2v5,Loss,,2026-06-17,,,,,,,,,,,,,,,
Ascent,ODG,7,Defence,01:29,00:58,B,2v3,Loss,,2026-06-17,,,,,,,,,,,,,,,
Ascent,ODG,8,Defence,01:13,01:03,A,4v4,Loss,,2026-06-17,,,,,,,,,,,,,,,
Ascent,ODG,9,Defence,01:14,01:03,A,2v4,Loss,,2026-06-17,,,,,,,,,,,,,,,
Ascent,ODG,10,Defence,00:48,,,,Loss,,2026-06-17,,,,,,,,,,,,,,,
Ascent,ODG,11,Defence,01:13,,A,,Loss,,2026-06-17,,,,,,,,,,,,,,,
Ascent,ODG,12,Defence,00:46,,,,Win,,2026-06-17,,,,,,,,,,,,,,,
Ascent,ODG,13,Attack,00:41,00:23,B,4v5,Win,Win,2026-06-17,,,,,,,,,,,,,,,
Ascent,ODG,14,Attack,01:29,00:48,A,4v1,Win,,2026-06-17,,,,,,,,,,,,,,,
Ascent,ODG,15,Attack,01:03,,,,Loss,,2026-06-17,,,,,,,,,,,,,,,
Ascent,ODG,16,Attack,01:21,,,,Loss,,2026-06-17,,,,,,,,,,,,,,,
Ascent,ODG,17,Attack,01:23,,,,Loss,,2026-06-17,,,,,,,,,,,,,,,
Ascent,ODG,18,Attack,01:09,,,,Loss,,2026-06-17,,,,,,,,,,,,,,,
Ascent,ODG,19,Attack,01:07,00:48,A,3v3,Loss,,2026-06-17,,,,,,,,,,,,,,,
Ascent,ODG,20,Attack,01:02,,,,Loss,,2026-06-17,,,,,,,,,,,,,,,
Ascent,ODG,21,Attack,01:24,,,,Loss,,2026-06-17,,,,,,,,,,,,,,,
Ascent,ODG,22,Attack,01:19,,,,Loss,,2026-06-17,,,,,,,,,,,,,,,
Ascent,ODG,23,Attack,01:05,,,,Loss,,2026-06-17,,,,,,,,,,,,,,,
Ascent,ODG,24,Attack,01:20,01:11,A,4v2,Win,,2026-06-17,,,,,,,,,,,,,,,
Lotus,Gen.G,1,Attack,01:20,,,,Loss,Loss,2026-06-18,,,,,,,,,,,,,,,
Lotus,Gen.G,2,Attack,01:18,,,,Loss,,2026-06-18,,,,,,,,,,,,,,,
Lotus,Gen.G,3,Attack,01:20,01:09,C,3v2,Win,,2026-06-18,,,,,,,,,,,,,,,
Lotus,Gen.G,4,Attack,00:58,00:11,A,3v1,Win,,2026-06-18,,,,,,,,,,,,,,,
Lotus,Gen.G,5,Attack,01:22,,,,Win,,2026-06-18,,,,,,,,,,,,,,,
Lotus,Gen.G,6,Attack,01:11,01:11,B,5v5,Win,,2026-06-18,,,,,,,,,,,,,,,
Lotus,Gen.G,7,Attack,00:55,00:42,C,4v4,Win,,2026-06-18,,,,,,,,,,,,,,,
Lotus,Gen.G,8,Attack,01:23,00:33,A,3v1,Win,,2026-06-18,,,,,,,,,,,,,,,
Lotus,Gen.G,9,Attack,01:06,00:29,A,4v1,Win,,2026-06-18,,,,,,,,,,,,,,,
Lotus,Gen.G,10,Attack,01:33,01:09,A,4v2,Win,,2026-06-18,,,,,,,,,,,,,,,
Lotus,Gen.G,11,Attack,01:06,00:20,A,2v3,Loss,,2026-06-18,,,,,,,,,,,,,,,
Lotus,Gen.G,12,Attack,01:33,01:14,A,4v2,Win,,2026-06-18,,,,,,,,,,,,,,,
Lotus,Gen.G,13,Defence,01:20,00:50,A,2v3,Loss,Loss,2026-06-18,,,,,,,,,,,,,,,
Lotus,Gen.G,14,Defence,01:08,00:47,A,4v5,Loss,,2026-06-18,,,,,,,,,,,,,,,
Lotus,Gen.G,15,Defence,01:31,00:48,B,1v5,Loss,,2026-06-18,,,,,,,,,,,,,,,
Lotus,Gen.G,16,Defence,01:24,,,,Loss,,2026-06-18,,,,,,,,,,,,,,,
Lotus,Gen.G,17,Defence,01:35,,,,Win,,2026-06-18,,,,,,,,,,,,,,,
Lotus,Gen.G,18,Defence,01:22,01:01,A,4v1,Win,,2026-06-18,,,,,,,,,,,,,,,
Lotus,Gen.G,19,Defence,00:58,,,,Loss,,2026-06-18,,,,,,,,,,,,,,,
Lotus,Gen.G,20,Defence,00:59,00:39,C,1v3,Loss,,2026-06-18,,,,,,,,,,,,,,,
Lotus,Gen.G,21,Defence,01:27,01:20,A,4v5,Loss,,2026-06-18,,,,,,,,,,,,,,,
Lotus,Gen.G,22,Defence,01:20,00:30,B,2v3,Loss,,2026-06-18,,,,,,,,,,,,,,,
Lotus,Gen.G,23,Defence,00:32,00:27,A,4v5,Loss,,2026-06-18,,,,,,,,,,,,,,,
Lotus,Gen.G,24,Defence,01:23,01:23,B,,Loss,,2026-06-18,,,,,,,,,,,,,,,
Split,Gen.G,1,Attack,01:30,,,,Loss,Loss,2026-06-18,,,,,,,,,,,,,,,
Split,Gen.G,2,Attack,01:10,00:53,A,4v5,Loss,,2026-06-18,,,,,,,,,,,,,,,
Split,Gen.G,3,Attack,01:27,00:13,B,3v2,Win,,2026-06-18,,,,,,,,,,,,,,,
Split,Gen.G,4,Attack,01:01,,,,Loss,,2026-06-18,,,,,,,,,,,,,,,
Split,Gen.G,5,Attack,01:20,,,,Loss,,2026-06-18,,,,,,,,,,,,,,,
Split,Gen.G,6,Attack,01:29,,,,Loss,,2026-06-18,,,,,,,,,,,,,,,
Split,Gen.G,7,Attack,01:31,00:47,B,3v3,Win,,2026-06-18,,,,,,,,,,,,,,,
Split,Gen.G,8,Attack,01:14,00:55,B,4v2,Win,,2026-06-18,,,,,,,,,,,,,,,
Split,Gen.G,9,Attack,01:30,00:53,A,2v3,Loss,,2026-06-18,,,,,,,,,,,,,,,
Split,Gen.G,10,Attack,00:39,00:20,A,4v2,Win,,2026-06-18,,,,,,,,,,,,,,,
Split,Gen.G,11,Attack,01:32,00:52,B,2v2,Loss,,2026-06-18,,,,,,,,,,,,,,,
Split,Gen.G,12,Attack,01:30,00:07,B,1v1,Win,,2026-06-18,,,,,,,,,,,,,,,
Split,Gen.G,13,Defence,01:22,00:10,A,4v3,Win,Win,2026-06-18,,,,,,,,,,,,,,,
Split,Gen.G,14,Defence,01:26,00:58,B,2v2,Win,,2026-06-18,,,,,,,,,,,,,,,
Split,Gen.G,15,Defence,01:25,00:59,B,3v1,Win,,2026-06-18,,,,,,,,,,,,,,,
Split,Gen.G,16,Defence,01:22,,,,Win,,2026-06-18,,,,,,,,,,,,,,,
Split,Gen.G,17,Defence,00:49,,,,Win,,2026-06-18,,,,,,,,,,,,,,,
Split,Gen.G,18,Defence,01:21,,,,Loss,,2026-06-18,,,,,,,,,,,,,,,
Split,Gen.G,19,Defence,01:14,01:14,A,5v5,Loss,,2026-06-18,,,,,,,,,,,,,,,
Split,Gen.G,20,Defence,01:24,,,,Win,,2026-06-18,,,,,,,,,,,,,,,
Split,Gen.G,21,Defence,01:27,,,,Win,,2026-06-18,,,,,,,,,,,,,,,
Split,Gen.G,22,Defence,01:31,,,,Win,,2026-06-18,,,,,,,,,,,,,,,
Split,Gen.G,23,Defence,00:44,00:35,B,2v4,Loss,,2026-06-18,,,,,,,,,,,,,,,
Split,Gen.G,24,Defence,01:28,,,,Loss,,2026-06-18,,,,,,,,,,,,,,,
Ascent,RRQ,1,Attack,01:03,00:04,A,1v2,Loss,Loss,2026-06-18,,,,,,,,,,,,,,,
Ascent,RRQ,2,Attack,01:08,,,,Loss,,2026-06-18,,,,,,,,,,,,,,,
Ascent,RRQ,3,Attack,01:30,,,,Loss,,2026-06-18,,,,,,,,,,,,,,,
Ascent,RRQ,4,Attack,01:33,,,,Loss,,2026-06-18,,,,,,,,,,,,,,,
Ascent,RRQ,5,Attack,01:04,00:25,A,5v2,Win,,2026-06-18,,,,,,,,,,,,,,,
Ascent,RRQ,6,Attack,01:04,00:53,B,4v1,Win,,2026-06-18,,,,,,,,,,,,,,,
Ascent,RRQ,7,Attack,01:29,,,,Loss,,2026-06-18,,,,,,,,,,,,,,,
Ascent,RRQ,8,Attack,01:26,00:43,B,2v3,Loss,,2026-06-18,,,,,,,,,,,,,,,
Ascent,RRQ,9,Attack,00:57,,,,Loss,,2026-06-18,,,,,,,,,,,,,,,
Ascent,RRQ,10,Attack,01:26,,,,Loss,,2026-06-18,,,,,,,,,,,,,,,
Ascent,RRQ,11,Attack,01:20,,,,Win,,2026-06-18,,,,,,,,,,,,,,,
Ascent,RRQ,12,Attack,01:28,01:20,A,4v4,Win,,2026-06-18,,,,,,,,,,,,,,,
Ascent,RRQ,13,Defence,01:09,00:58,B,1v4,Loss,Loss,2026-06-18,,,,,,,,,,,,,,,
Ascent,RRQ,14,Defence,01:11,,,,Loss,,2026-06-18,,,,,,,,,,,,,,,
Ascent,RRQ,15,Defence,00:50,00:14,B,1v1,Loss,,2026-06-18,,,,,,,,,,,,,,,
Ascent,RRQ,16,Defence,01:05,,,,Loss,,2026-06-18,,,,,,,,,,,,,,,
Ascent,RRQ,17,Defence,01:26,,,,Win,,2026-06-18,,,,,,,,,,,,,,,
Ascent,RRQ,18,Defence,01:26,00:58,A,2v4,Loss,,2026-06-18,,,,,,,,,,,,,,,
Ascent,RRQ,19,Defence,01:28,,,,Win,,2026-06-18,,,,,,,,,,,,,,,
Ascent,RRQ,20,Defence,01:18,01:06,A,3v4,Win,,2026-06-18,,,,,,,,,,,,,,,
Ascent,RRQ,21,Defence,01:35,,,,Win,,2026-06-18,,,,,,,,,,,,,,,
Ascent,RRQ,22,Defence,01:19,,,,Win,,2026-06-18,,,,,,,,,,,,,,,
Ascent,RRQ,23,Defence,01:25,,,,Win,,2026-06-18,,,,,,,,,,,,,,,
Ascent,RRQ,24,Defence,01:26,,,,Win,,2026-06-18,,,,,,,,,,,,,,,
Breeze,VARREL,1,Defence,01:20,,,,Loss,Loss,2026-06-18,,,,,,,,,,,,,,,
Breeze,VARREL,2,Defence,01:25,00:39,B,1v1,Loss,,2026-06-18,,,,,,,,,,,,,,,
Breeze,VARREL,3,Defence,01:31,01:14,A,2v3,Loss,,2026-06-18,,,,,,,,,,,,,,,
Breeze,VARREL,4,Defence,01:27,01:08,A,2v4,Loss,,2026-06-18,,,,,,,,,,,,,,,
Breeze,VARREL,5,Defence,01:33,01:02,A,1v2,Loss,,2026-06-18,,,,,,,,,,,,,,,
Breeze,VARREL,6,Defence,01:23,,,,Loss,,2026-06-18,,,,,,,,,,,,,,,
Breeze,VARREL,7,Defence,01:27,01:13,B,2v3,Loss,,2026-06-18,,,,,,,,,,,,,,,
Breeze,VARREL,8,Defence,01:26,01:14,B,2v4,Loss,,2026-06-18,,,,,,,,,,,,,,,
Breeze,VARREL,9,Defence,01:29,01:09,B,4v2,Win,,2026-06-18,,,,,,,,,,,,,,,
Breeze,VARREL,10,Defence,01:27,,,,Win,,2026-06-18,,,,,,,,,,,,,,,
Breeze,VARREL,11,Defence,01:30,00:57,A,3v3,Win,,2026-06-18,,,,,,,,,,,,,,,
Breeze,VARREL,12,Defence,01:27,,,,Win,,2026-06-18,,,,,,,,,,,,,,,
Breeze,VARREL,13,Attack,01:04,,,,Loss,Loss,2026-06-18,,,,,,,,,,,,,,,
Breeze,VARREL,14,Attack,01:22,,,,Loss,,2026-06-18,,,,,,,,,,,,,,,
Breeze,VARREL,15,Attack,01:20,01:11,A,4v3,Win,,2026-06-18,,,,,,,,,,,,,,,
Breeze,VARREL,16,Attack,01:27,01:12,A,5v3,Loss,,2026-06-18,,,,,,,,,,,,,,,
Breeze,VARREL,17,Attack,01:19,01:06,B,4v3,Win,,2026-06-18,,,,,,,,,,,,,,,
Breeze,VARREL,18,Attack,01:21,,,,Loss,,2026-06-18,,,,,,,,,,,,,,,
Breeze,VARREL,19,Attack,01:33,01:16,A,5v4,Win,,2026-06-18,,,,,,,,,,,,,,,
Breeze,VARREL,20,Attack,01:24,01:01,B,4v2,Win,,2026-06-18,,,,,,,,,,,,,,,
Breeze,VARREL,21,Attack,00:56,,,,Loss,,2026-06-18,,,,,,,,,,,,,,,
Breeze,VARREL,22,Attack,01:28,,,,Loss,,2026-06-18,,,,,,,,,,,,,,,
Breeze,VARREL,23,Attack,01:30,00:29,A,2v4,Loss,,2026-06-18,,,,,,,,,,,,,,,
Breeze,VARREL,24,Attack,01:26,01:19,B,5v3,Win,,2026-06-18,,,,,,,,,,,,,,,
Haven,Team Secret,1,Attack,01:31,00:55,B,2v3,Loss,Loss,2026-06-18,,,,,,,,,,,,,,,
Haven,Team Secret,2,Attack,01:34,,,,Loss,,2026-06-18,,,,,,,,,,,,,,,
Haven,Team Secret,3,Attack,01:05,00:51,B,4v3,Win,,2026-06-18,,,,,,,,,,,,,,,
Haven,Team Secret,4,Attack,01:17,01:13,B,5v4,Loss,,2026-06-18,,,,,,,,,,,,,,,
Haven,Team Secret,5,Attack,01:27,,,,Loss,,2026-06-18,,,,,,,,,,,,,,,
Haven,Team Secret,6,Attack,01:25,01:13,A,3v2,Win,,2026-06-18,,,,,,,,,,,,,,,
Haven,Team Secret,7,Attack,01:18,00:19,B,2v3,Loss,,2026-06-18,,,,,,,,,,,,,,,
Haven,Team Secret,8,Attack,01:27,01:15,A,4v1,Win,,2026-06-18,,,,,,,,,,,,,,,
Haven,Team Secret,9,Attack,01:31,00:53,A,3v4,Loss,,2026-06-18,,,,,,,,,,,,,,,
Haven,Team Secret,10,Attack,00:29,00:19,A,4v2,Win,,2026-06-18,,,,,,,,,,,,,,,
Haven,Team Secret,11,Attack,01:25,01:17,C,5v2,Win,,2026-06-18,,,,,,,,,,,,,,,
Haven,Team Secret,12,Attack,01:26,00:13,A,2v1,Win,,2026-06-18,,,,,,,,,,,,,,,
Haven,Team Secret,13,Defence,01:25,,,,Win,Win,2026-06-18,,,,,,,,,,,,,,,
Haven,Team Secret,14,Defence,01:15,01:02,C,4v3,Win,,2026-06-18,,,,,,,,,,,,,,,
Haven,Team Secret,15,Defence,01:21,01:06,B,4v1,Win,,2026-06-18,,,,,,,,,,,,,,,
Haven,Team Secret,16,Defence,01:30,00:57,A,3v2,Win,,2026-06-18,,,,,,,,,,,,,,,
Haven,Team Secret,17,Defence,01:00,,,,Loss,,2026-06-18,,,,,,,,,,,,,,,
Haven,Team Secret,18,Defence,01:28,,,,Win,,2026-06-18,,,,,,,,,,,,,,,
Haven,Team Secret,19,Defence,01:23,,,,Win,,2026-06-18,,,,,,,,,,,,,,,
Haven,Team Secret,20,Defence,01:24,,,,Win,,2026-06-18,,,,,,,,,,,,,,,
Haven,Team Secret,21,Defence,01:07,00:48,A,2v3,Loss,,2026-06-18,,,,,,,,,,,,,,,
Haven,Team Secret,22,Defence,00:36,00:19,C,4v4,Loss,,2026-06-18,,,,,,,,,,,,,,,
Haven,Team Secret,23,Defence,01:21,01:17,B,5v3,Win,,2026-06-18,,,,,,,,,,,,,,,
Haven,Team Secret,24,Defence,01:27,00:51,A,2v2,Loss,,2026-06-18,,,,,,,,,,,,,,,
